"Census.Tract","Tax.Period","totalOwedByTract"
1,2000,715
1,2003,3715.24
1,2004,2935.81
1,2005,2941.38
1,2006,3212.49
1,2007,2948.77
1,2008,3014.92
1,2009,2863.76
1,2010,2712.6
1,2011,2812.89
1,2012,2747.97
1,2013,3766.59
1,2014,7075.79
1,2015,46765.49
4,2014,35304.95
4,2015,2391.36
10,2013,34946.85
10,2014,19100.9
10,2015,17724
11,2015,2047.52
12,2014,6968.93
13,2009,1413.77
13,2010,1341.09
13,2011,1389.29
13,2012,1358.08
13,2013,3431.24
13,2014,2155.53
13,2015,5250.43
14,2009,264.62
14,2010,87
14,2011,167.81
14,2012,218.63
14,2013,2645.76
14,2014,15239.49
14,2015,30440.29
15,2013,1714.64
15,2014,850.1
15,2015,3920.09
17,2003,359.07
17,2004,718.14
17,2008,205.98
17,2010,1216.43
17,2011,1794.69
17,2012,1754.6
17,2013,1704.76
17,2014,1343.94
17,2015,1268.81
18,2003,40.04
18,2004,38.42
18,2005,36.8
18,2006,35.19
18,2007,33.57
18,2008,31.97
18,2009,30.35
18,2010,28.73
18,2011,29.83
18,2012,29.12
18,2013,811.28
18,2014,620.86
18,2015,2412.54
19,2008,306.24
19,2010,20
19,2011,482.21
19,2012,328.35
19,2013,508.29
19,2014,9866.73
19,2015,31721.18
20,2000,2239.18
20,2001,2475.29
20,2002,2222.93
20,2003,2882.73
20,2004,3194.4
20,2005,2685.13
20,2006,2304.34
20,2007,2713.23
20,2008,3020.31
20,2009,3356.77
20,2010,4617.28
20,2011,5857.45
20,2012,5951.17
20,2013,5371.98
20,2014,16035.41
20,2015,24528.9
21,2000,552.3
21,2001,262.3
21,2002,253.31
21,2003,244.31
21,2004,235.32
21,2005,226.32
21,2006,217.33
21,2007,778.87
21,2008,993.43
21,2009,1078.2
21,2010,2973.01
21,2011,3307.99
21,2012,3455.01
21,2013,4343.78
21,2014,12332.24
21,2015,21473.92
22,2009,39.4
22,2010,3909.57
22,2011,4176.78
22,2012,5642.77
22,2013,5033.29
22,2014,13537.42
22,2015,16280.11
24,2008,901.7
24,2009,725.02
24,2010,923.15
24,2011,924.58
24,2012,696.34
24,2013,806.95
24,2014,3188.5
24,2015,5439.58
25,2000,185.24
25,2001,110.18
25,2002,106.94
25,2003,103.71
25,2004,100.49
25,2005,97.26
25,2006,94.02
25,2007,90.8
25,2008,93.95
25,2009,90.4
25,2010,86.85
25,2011,89.22
25,2012,87.69
25,2014,110185.72
25,2015,53018.42
27,2002,1112.79
27,2006,1531.64
27,2007,1652.76
27,2008,1312.72
27,2009,1254.99
27,2010,1609.9
27,2011,1564.14
27,2012,6040.57
27,2013,6242.66
27,2014,18143.87
27,2015,37341.04
28,2006,848.13
28,2009,764.64
28,2011,1173.04
28,2012,2814.31
28,2013,6848.13
28,2014,7384.55
28,2015,21534.23
29,2014,2741.31
29,2015,8788.44
30,2002,275.64
30,2003,37.01
30,2004,50.62
30,2005,2107.43
30,2006,183.68
30,2007,461.12
30,2008,639.98
30,2009,2006.32
30,2010,2177.78
30,2011,2416.02
30,2012,2802.59
30,2013,2759.17
30,2014,20024.57
30,2015,41661.07
31,2000,2842.89
31,2001,1402.55
31,2002,1317.91
31,2003,1269.37
31,2004,1211.64
31,2005,715.42
31,2006,1330.95
31,2007,2812.11
31,2008,2450.05
31,2009,3072.53
31,2010,3007.09
31,2011,3241.49
31,2012,2976.03
31,2013,3509.84
31,2014,21523.17
31,2015,34536.72
32,2000,633.01
32,2001,618.84
32,2002,1352.33
32,2003,2860.91
32,2004,2026.38
32,2005,3204.78
32,2006,2306.48
32,2007,3262.3
32,2008,2977.08
32,2009,4568.94
32,2010,5187.96
32,2011,5125.3
32,2012,5854
32,2013,5671.77
32,2014,20493.8
32,2015,31871.16
33,2000,10852.81
33,2001,8469.68
33,2002,8441.47
33,2003,7823.64
33,2004,6793.2
33,2005,7416.57
33,2006,7304.36
33,2007,7140.16
33,2008,8794.67
33,2009,8617.97
33,2010,8382.42
33,2011,8470
33,2012,7666.63
33,2013,8030.16
33,2014,26918.36
33,2015,33814.4
34,2000,203.21
34,2001,196.74
34,2002,190.29
34,2003,183.83
34,2004,177.37
34,2005,170.91
34,2006,164.46
34,2007,157.99
34,2008,164.33
34,2009,157.22
34,2010,150.12
34,2011,154.84
34,2012,151.77
34,2013,147.98
34,2014,3003.2
34,2015,2029.48
36,2008,371.91
36,2009,1321.73
36,2010,2511.8
36,2011,3504.27
36,2012,3166.63
36,2013,2924.63
36,2014,7786.99
36,2015,8776.92
37,2000,3176.95
37,2001,3064.31
37,2002,2951.67
37,2003,3916.36
37,2004,3685.33
37,2005,4728.28
37,2006,3495.15
37,2007,3426.33
37,2008,3743.61
37,2009,3936.97
37,2010,5833.76
37,2011,6339.65
37,2012,6193.97
37,2013,6419.28
37,2014,13949.45
37,2015,23788.91
38,2014,4756.03
38,2015,13415.39
39,2014,982.61
39,2015,2679.84
40,2000,30.15
40,2001,30.22
40,2002,30.29
40,2003,73.94
40,2004,142.11
40,2005,131.95
40,2006,121.8
40,2007,98.72
40,2008,94.6
40,2009,101.35
40,2010,89.76
40,2011,500.75
40,2012,2335.2
40,2013,1778.33
40,2014,5614.09
40,2015,14683.12
41,2000,409.77
41,2001,319.95
41,2002,304.12
41,2003,290.39
41,2004,1013.43
41,2005,987.53
41,2006,266.28
41,2007,806.69
41,2008,2072.93
41,2009,2877.26
41,2010,4236.26
41,2011,5025.52
41,2012,6173.73
41,2013,8418.47
41,2014,29136.75
41,2015,53183.99
42,2000,9650.18
42,2001,10194.4
42,2002,9964.76
42,2003,9631.99
42,2004,11565.09
42,2005,9607.74
42,2006,9828
42,2007,10466.63
42,2008,10253
42,2009,9968.47
42,2010,9844.92
42,2011,10221.7
42,2012,11949
42,2013,10422.71
42,2014,20913.27
42,2015,36220.11
44,2012,35.38
44,2014,2668.53
44,2015,9736.65
46,2012,204.26
46,2014,1839.18
54,2013,3247.74
54,2014,3681.96
54,2015,2294.29
55,2004,223.95
55,2005,4017.57
55,2006,3935.74
55,2007,3721.15
55,2008,4189.81
55,2009,4053.28
55,2010,4057.12
55,2011,3915.78
55,2012,4296.12
55,2013,5874.51
55,2014,12230.55
55,2015,13242.14
60,2000,4084.15
60,2001,3913.97
60,2002,3982.85
60,2003,4506.84
60,2004,4633.39
60,2005,4399.41
60,2006,4177.33
60,2007,3951.05
60,2008,3989.26
60,2009,3585.71
60,2010,4284.49
60,2011,4308.89
60,2012,9372.14
60,2013,14988.39
60,2014,14764.72
60,2015,25394.03
61,2008,30
61,2009,23.18
61,2011,158.85
61,2012,783.91
61,2013,539.09
61,2014,564.21
61,2015,1267.13
62,2000,2089.07
62,2001,2014.79
62,2002,2165.52
62,2003,2258.78
62,2004,2360.9
62,2005,3735.09
62,2006,3651.16
62,2007,3774.93
62,2008,3635.69
62,2009,3454.5
62,2010,3273.31
62,2011,4189.52
62,2012,4290.27
62,2013,4019.68
62,2014,9908.02
62,2015,16933.83
63,2000,4793.08
63,2001,4633.63
63,2002,4510.95
63,2003,4314.75
63,2004,3300.62
63,2005,4167.71
63,2006,3931.94
63,2007,3975.14
63,2008,6847
63,2009,7488.95
63,2010,6624.35
63,2011,7377.48
63,2012,10063.77
63,2013,11384.76
63,2014,40975.94
63,2015,48392.11
64,2000,2465
64,2001,2637.04
64,2002,2549.68
64,2003,2008.12
64,2004,3210.68
64,2005,2467.82
64,2006,2230.83
64,2007,8876.21
64,2008,7577.14
64,2009,9130.85
64,2010,12761.88
64,2011,13796.47
64,2012,16911.6
64,2013,15108.94
64,2014,22469.08
64,2015,27717.64
65,2000,9515.43
65,2001,10769.02
65,2002,10314.69
65,2003,11911.6
65,2004,12414.15
65,2005,11092.29
65,2006,13466.81
65,2007,12968.58
65,2008,13019.65
65,2009,15283.04
65,2010,14624.33
65,2011,17616.53
65,2012,17835.5
65,2013,19039.15
65,2014,21984.9
65,2015,24014.75
66,2000,27570.53
66,2001,22266.5
66,2002,21389.9
66,2003,21688.31
66,2004,21421.82
66,2005,17054.76
66,2006,15372.08
66,2007,15369.99
66,2008,18170.26
66,2009,16144.19
66,2010,17019.31
66,2011,17994.27
66,2012,19935.73
66,2013,23269.45
66,2014,36956.03
66,2015,42708.6
67,2000,1585.17
67,2001,1531.46
67,2002,1477.77
67,2003,4656.55
67,2004,3221.83
67,2005,3091.13
67,2006,2533.6
67,2007,5407.3
67,2008,5917.24
67,2009,6845.47
67,2010,7153.53
67,2011,8626.55
67,2012,20002.21
67,2013,23391.03
67,2014,27085.97
67,2015,36700.99
69,2000,1011.43
69,2001,975.9
69,2002,940.38
69,2003,904.85
69,2004,869.32
69,2005,833.8
69,2006,798.27
69,2007,1585.48
69,2008,2120.31
69,2009,739.95
69,2010,922.63
69,2011,1596.4
69,2012,2527.44
69,2013,2651.66
69,2014,1764.98
69,2015,1482.78
70,2000,11259.79
70,2001,8975.67
70,2002,11525.17
70,2003,13846.67
70,2004,11393.99
70,2005,12509.27
70,2006,12450.09
70,2007,13476.78
70,2008,17706.72
70,2009,19213.97
70,2010,21746.49
70,2011,24030.27
70,2012,23145.68
70,2013,27088.1
70,2014,39505.84
70,2015,45105.73
71,2000,14131.83
71,2001,11331.1
71,2002,12075.52
71,2003,14728.35
71,2004,13378.17
71,2005,12273.6
71,2006,12827.59
71,2007,14092.11
71,2008,15405.55
71,2009,13194.26
71,2010,17093
71,2011,17442.35
71,2012,17995.64
71,2013,20949.07
71,2014,25138.21
71,2015,39418.73
72,2000,2490.65
72,2001,2449.33
72,2002,2197.03
72,2003,3567.48
72,2004,3514.55
72,2005,3200.1
72,2006,3255.1
72,2007,4610.93
72,2008,3724.8
72,2009,4990.23
72,2010,7644.07
72,2011,9744.05
72,2012,9136.03
72,2013,12217.13
72,2014,15179.39
72,2015,14122.74
73,2000,1618.72
73,2001,1562.22
73,2002,1505.68
73,2003,5508.18
73,2004,3259.61
73,2005,4235.76
73,2006,5579.2
73,2007,8724.87
73,2008,9550.71
73,2009,8899.86
73,2010,8286.48
73,2011,9705.63
73,2012,9111.42
73,2013,11609.77
73,2014,19920.49
73,2015,22830.9
74,2000,6147.78
74,2001,4777.83
74,2002,5607.56
74,2003,10385.08
74,2004,9941.82
74,2005,8783.36
74,2006,8628.08
74,2007,8521.81
74,2008,9720.43
74,2009,11201.37
74,2010,9954.64
74,2011,10120.13
74,2012,9261.75
74,2013,10204.83
74,2014,14014.95
74,2015,16997.7
77,2000,2448.3
77,2001,2361.1
77,2002,2273.9
77,2003,2186.69
77,2004,2099.49
77,2005,2012.29
77,2006,1925.09
77,2007,1837.89
77,2008,1878.63
77,2009,406.24
77,2010,385.88
77,2011,399.38
77,2012,390.65
77,2013,379.79
77,2014,1150.63
77,2015,1074.7
78,2011,443.68
78,2012,532.53
78,2013,2080.77
78,2014,648.05
78,2015,39487.57
79,2000,3391.04
79,2001,3131.98
79,2002,3015.93
79,2003,2899.88
79,2004,2783.84
79,2005,2667.79
79,2006,4769
79,2007,4755.74
79,2008,4018.42
79,2009,5536.9
79,2010,6871.66
79,2011,7126.14
79,2012,6961.37
79,2013,6756.54
79,2014,6874.69
79,2015,10042.53
80,2003,81.37
80,2004,81.37
80,2006,447.47
80,2007,1010.79
80,2008,919.43
80,2009,823.07
80,2010,992.96
80,2011,1047.12
80,2012,1992.01
80,2013,1706.89
80,2014,6965.92
80,2015,16874.96
81,2000,3702.97
81,2001,4422.74
81,2002,4629.23
81,2003,5000.27
81,2004,7744.21
81,2005,9557.71
81,2006,8305.02
81,2007,9723.47
81,2008,10954.73
81,2009,9761.09
81,2010,12968.77
81,2011,17119.57
81,2012,17400.41
81,2013,21243.53
81,2014,34359.21
81,2015,59605.57
82,2000,4983.05
82,2001,5968.53
82,2002,7998.63
82,2003,7839.02
82,2004,8641.43
82,2005,7798.74
82,2006,8594.65
82,2007,9101.48
82,2008,9523.1
82,2009,9657.48
82,2010,8345.15
82,2011,9282.43
82,2012,14213.76
82,2013,16819.25
82,2014,25520.09
82,2015,29805.47
83,2000,4478.68
83,2001,4366.25
83,2002,6474.1
83,2003,6197.72
83,2004,7241.52
83,2005,7572.23
83,2006,8567.84
83,2007,12207.87
83,2008,12088.34
83,2009,11941.78
83,2010,11421.67
83,2011,10790.24
83,2012,13343.88
83,2013,13937.03
83,2014,28215.21
83,2015,56481.06
84,2000,4939.63
84,2001,6823.31
84,2002,8745.82
84,2003,8194.31
84,2004,7618.31
84,2005,7701.42
84,2006,8434.29
84,2007,8822.72
84,2008,9322.75
84,2009,8678.48
84,2010,9358.27
84,2011,8951.99
84,2012,8965.26
84,2013,7791.46
84,2014,11618.65
84,2015,17811.34
85,2000,4341.93
85,2001,8819.16
85,2002,6266.93
85,2003,7682.25
85,2004,7367.56
85,2005,8648.92
85,2006,9248.54
85,2007,7469.47
85,2008,9874.03
85,2009,9710.86
85,2010,10430.34
85,2011,10974.28
85,2012,13991.61
85,2013,16129.25
85,2014,44904.87
85,2015,73051.02
86,2006,365.76
86,2007,3557.03
86,2008,3307.98
86,2009,4985.54
86,2010,2976.08
86,2011,1886.5
86,2012,5025.39
86,2013,4811.97
86,2014,7181.08
86,2015,9356.38
87,2005,459.37
87,2006,84.46
87,2007,81.57
87,2008,84.4
87,2009,272.19
87,2010,258.84
87,2011,577.37
87,2012,556.81
87,2013,503.94
87,2014,1935.01
87,2015,5753.39
88,2013,175.67
88,2014,7632.66
88,2015,2063.63
90,2000,472.59
90,2001,456.45
90,2002,440.29
90,2003,424.15
90,2004,408
90,2006,375.7
90,2007,695.57
90,2008,663.27
90,2009,916.42
90,2010,4721.56
90,2011,4747.52
90,2012,4638.12
90,2013,4502.15
90,2014,7712.59
90,2015,6798.8
91,2000,5208.5
91,2001,5651.03
91,2002,3891.86
91,2003,3744.64
91,2004,3597.36
91,2005,3450.11
91,2006,2871.23
91,2007,4243.77
91,2008,5537.21
91,2009,6070.88
91,2010,5756.59
91,2011,4384.27
91,2012,5895.23
91,2013,5725.64
91,2014,8649.26
91,2015,6818.81
92,2001,1647.25
92,2002,665.33
92,2003,1041.08
92,2004,1099.97
92,2005,1054.77
92,2006,1009.55
92,2007,964.33
92,2008,919.11
92,2009,873.9
92,2010,920.12
92,2011,976.74
92,2012,926.66
92,2013,916.62
92,2014,6197.84
92,2015,24892.24
93,2000,11479.83
93,2001,10824.49
93,2002,10729.06
93,2003,11513.19
93,2004,9751.51
93,2005,7018.27
93,2006,6941.1
93,2007,5518.66
93,2008,8736.92
93,2009,9688.13
93,2010,12307.81
93,2011,13304.42
93,2012,16595.06
93,2013,19895.23
93,2014,36486.82
93,2015,54598.78
94,2000,4134.66
94,2001,3990.98
94,2002,3930.62
94,2003,3567.39
94,2004,3221.54
94,2005,2871.12
94,2006,3466.33
94,2007,4661.84
94,2008,6020.9
94,2009,8343.18
94,2010,9116.2
94,2011,9021.87
94,2012,10001.67
94,2013,14009.01
94,2014,25742.73
94,2015,33129.72
95,2000,5215.02
95,2001,5724.75
95,2002,5274.6
95,2003,5291.84
95,2004,4149.25
95,2005,4459.7
95,2006,4146.52
95,2007,3675
95,2008,4297.61
95,2009,4427.53
95,2010,5601.83
95,2011,5758.29
95,2012,7123.97
95,2013,9835.04
95,2014,12585.69
95,2015,19471.1
96,2000,3219.71
96,2001,3645.52
96,2002,4046.05
96,2003,2525.58
96,2004,3304.48
96,2005,2596.01
96,2006,4773.25
96,2007,5686.15
96,2008,10593.73
96,2009,12361.24
96,2010,13239.98
96,2011,14728.97
96,2012,14616.72
96,2013,14530.86
96,2014,41140.2
96,2015,55823.68
98,2011,23.12
98,2012,1730.47
98,2013,2530.11
98,2014,2330.52
98,2015,412.35
100,2009,721
100,2011,418.63
100,2012,3695.08
100,2013,3680.77
100,2014,5229.16
100,2015,8462.05
101,2000,4276.87
101,2001,4147.13
101,2002,3781
101,2003,3975.3
101,2004,4160.96
101,2005,5765.86
101,2006,6442.08
101,2007,7961.67
101,2008,6327.79
101,2009,6472.16
101,2010,8165.49
101,2011,8422.24
101,2012,11475.73
101,2013,12712.94
101,2014,32203.47
101,2015,45855.41
102,2000,13121.6
102,2001,12154.05
102,2002,11479.43
102,2003,11187.83
102,2004,6053.37
102,2005,4857.5
102,2006,5368.07
102,2007,4858.81
102,2008,5081.16
102,2009,6015.85
102,2010,6015.88
102,2011,6123.85
102,2012,7818.18
102,2013,9499.01
102,2014,13331.81
102,2015,22692.12
103,2000,1951.04
103,2001,2491.34
103,2002,1861.03
103,2003,2318.65
103,2004,816
103,2005,783.7
103,2006,853.46
103,2007,1645.75
103,2008,4018.62
103,2009,2945.85
103,2010,3312.81
103,2011,4087.72
103,2012,6816.96
103,2013,8383.79
103,2014,15320.06
103,2015,22485.85
104,2000,14015.69
104,2001,12966.66
104,2002,13128.63
104,2003,12851.37
104,2004,10371.44
104,2005,9234.85
104,2006,10187.42
104,2007,10110.23
104,2008,9529.09
104,2009,9254.4
104,2010,11315.15
104,2011,15403.02
104,2012,14082.83
104,2013,18707.2
104,2014,27173.31
104,2015,31921.97
105,2000,3703.73
105,2001,3200.78
105,2002,3401.62
105,2003,3924.7
105,2004,3723.34
105,2005,3388.44
105,2006,3011.32
105,2007,3999.11
105,2008,4143.79
105,2009,4072.47
105,2010,5374.08
105,2011,4997.02
105,2012,5515.74
105,2013,5550.91
105,2014,19427.58
105,2015,33061
106,2000,3765.16
106,2001,3738.3
106,2002,3619.75
106,2003,5474.25
106,2004,4828.58
106,2005,4587.8
106,2006,3147.76
106,2007,3808.38
106,2008,6787.8
106,2009,6060.96
106,2010,5826.94
106,2011,6151.14
106,2012,6263.64
106,2013,6345.08
106,2014,14730.15
106,2015,19152.06
107,2000,3007.78
107,2001,2162.85
107,2002,2035.71
107,2003,3574.27
107,2004,3711.74
107,2005,3994.22
107,2006,4749.23
107,2007,9239.47
107,2008,7750.9
107,2009,14466.68
107,2010,12826.1
107,2011,13172.13
107,2012,13188.87
107,2013,16338.55
107,2014,36085.2
107,2015,41238.22
108,2000,11865.2
108,2001,10811.35
108,2002,10302.99
108,2003,8370.96
108,2004,10899.62
108,2005,10351.11
108,2006,9686.98
108,2007,12973.09
108,2008,15801.7
108,2009,26269.56
108,2010,27430.01
108,2011,39174.57
108,2012,42551.72
108,2013,39015.57
108,2014,43267.79
108,2015,53978.14
109,2000,1573.72
109,2001,2073.55
109,2002,2859.46
109,2003,3554.72
109,2004,3224.9
109,2005,6846.14
109,2006,2290.21
109,2007,5872.8
109,2008,6126.74
109,2009,7650.18
109,2010,8173.97
109,2011,6620.23
109,2012,9292.75
109,2013,10985.78
109,2014,18552.17
109,2015,24545.09
110,2000,16870.97
110,2001,16016.37
110,2002,17542.67
110,2003,18103.12
110,2004,18251.27
110,2005,18630.98
110,2006,18262.81
110,2007,20366.58
110,2008,19363.34
110,2009,20559.42
110,2010,22128.97
110,2011,23212.55
110,2012,26322.65
110,2013,27447
110,2014,52594.31
110,2015,62686.6
111,2000,16505.86
111,2001,15820.87
111,2002,16917.86
111,2003,15567.99
111,2004,12176.52
111,2005,13709.96
111,2006,16475.81
111,2007,16186.47
111,2008,20954.06
111,2009,19325.99
111,2010,19757.54
111,2011,23504.87
111,2012,22101.48
111,2013,26779.63
111,2014,41399.78
111,2015,54563.89
112,2000,1282.5
112,2001,1310.42
112,2002,1245.13
112,2003,1453.47
112,2004,2302.53
112,2005,1804.71
112,2006,2661.25
112,2007,3345.87
112,2008,4997.15
112,2009,4712.38
112,2010,5488.42
112,2011,5383.34
112,2012,5994.27
112,2013,10913.49
112,2014,19147.62
112,2015,32710.95
113,2000,6815.45
113,2001,6641.55
113,2002,5558.73
113,2003,5704.34
113,2004,5622.45
113,2005,4620.64
113,2006,5461.24
113,2007,7137.57
113,2008,8303.83
113,2009,6738.25
113,2010,7629.79
113,2011,9459.81
113,2012,9028.26
113,2013,9228.83
113,2014,26037.25
113,2015,29705.24
114,2000,1846.9
114,2001,1974.07
114,2002,1404.31
114,2003,1352.62
114,2004,916.48
114,2005,2266.88
114,2006,3384.54
114,2007,5020.86
114,2008,7081.63
114,2009,6473.57
114,2010,8061.88
114,2011,12766.42
114,2012,10022.24
114,2013,14599.38
114,2014,26599.49
114,2015,40347.01
115,2006,721
115,2010,166.27
115,2011,518.66
115,2012,559.44
115,2013,2344.97
115,2014,637.23
115,2015,1767.12
117,2012,1782.35
117,2013,3845.53
117,2014,12756.69
117,2015,10867.35
118,2000,2522.01
118,2001,2432.06
118,2002,2199.43
118,2003,3000.28
118,2004,3142.98
118,2005,3011.85
118,2006,2880.71
118,2007,2749.58
118,2008,3312.44
118,2009,4103.27
118,2010,5668.54
118,2011,8649.37
118,2012,13640.88
118,2013,17847.24
118,2014,25137.65
118,2015,29337.23
119,2000,765.58
119,2001,739.76
119,2002,713.91
119,2003,688.08
119,2004,685.88
119,2005,734.24
119,2006,861.79
119,2007,452.27
119,2008,12110.24
119,2009,7246.48
119,2010,14620.02
119,2011,12258.89
119,2012,16968.13
119,2013,17662.29
119,2014,37270.75
119,2015,42525.73
122,2012,314.11
122,2015,1349.25
127,2015,294.94
129,2007,634.08
129,2008,1005.44
129,2009,317.55
129,2010,1285
129,2011,1274.2
129,2012,1693.6
129,2013,2603.68
129,2014,7635.64
129,2015,7104.04
130,2005,668.36
130,2006,1407.67
130,2007,2810.35
130,2008,3301.21
130,2009,1999.57
130,2010,2822.55
130,2011,3298.23
130,2012,4556.42
130,2013,8285.65
130,2014,5802.89
130,2015,2907.67
131,2015,252.85
132,2001,313.26
132,2002,41.64
132,2003,40.04
132,2004,38.42
132,2005,36.8
132,2006,35.19
132,2007,2083.37
132,2008,464.97
132,2009,764.59
132,2010,862.36
132,2011,1460.88
132,2012,1428.02
132,2013,1387.15
132,2014,3401.12
132,2015,3176.23
133,2003,764
133,2005,70
133,2008,1754.68
133,2009,8205.16
133,2010,7769.98
133,2012,7871.76
133,2013,7753.52
133,2014,12799.97
133,2015,13039.25
134,2013,798.19
134,2014,1772.72
134,2015,14487.38
135,2014,3041.6
135,2015,2311.95
136,2012,300
137,2000,2519.24
137,2001,3731.04
137,2002,3306.74
137,2003,3159.21
137,2004,14595.77
137,2005,12132.73
137,2006,13156.23
137,2007,19336.36
137,2008,19415
137,2009,16188.22
137,2010,16563.27
137,2011,17377.3
137,2012,19842.86
137,2013,20613.24
137,2014,31534.96
137,2015,28535.28
138,2000,3821.39
138,2001,4985.95
138,2002,5214.06
138,2003,4977.5
138,2004,4368.82
138,2005,4167.52
138,2006,4052.14
138,2007,6769.67
138,2008,8529.74
138,2009,8880.82
138,2010,8710.11
138,2011,6589.33
138,2012,9547.11
138,2013,8367.32
138,2014,11544.21
138,2015,13009.23
139,2007,76.54
139,2011,482.02
139,2012,1181.3
139,2013,4931.39
139,2014,3207.86
139,2015,3544.41
140,2000,235.15
140,2001,466.34
140,2002,553.1
140,2003,887.38
140,2004,910.98
140,2005,579.25
140,2006,687.02
140,2007,1100.55
140,2008,1235.97
140,2009,2658.62
140,2010,3060.85
140,2011,3482.63
140,2012,3789.93
140,2013,3854.69
140,2014,14163.97
140,2015,17516.42
141,2008,1436.5
141,2009,1299.87
141,2010,6478.52
141,2011,6719.13
141,2012,6563.34
141,2013,6066.01
141,2014,32565.34
141,2015,31123.55
142,2014,2000.11
142,2015,666.14
143,2009,655.48
143,2010,870
143,2011,950.22
143,2012,930.1
143,2013,905.22
143,2014,1675.06
143,2015,1920.41
144,2000,235.78
144,2001,228.99
144,2002,222.21
144,2003,258.13
144,2004,243.78
144,2005,222.76
144,2006,214.43
144,2007,188.31
144,2008,472.83
144,2009,1103.42
144,2010,1054.72
144,2011,2218.71
144,2012,3010.55
144,2013,3194.63
144,2014,11546.62
144,2015,34355.37
145,2000,765.66
145,2001,783.08
145,2002,1280.65
145,2003,984.52
145,2004,946.74
145,2005,908.95
145,2006,871.16
145,2007,833.36
145,2008,879.94
145,2009,925.96
145,2010,1417.48
145,2011,1332.6
145,2012,1500.36
145,2013,1669.45
145,2014,3337.11
145,2015,4439.64
146,2009,743.13
146,2010,3806.25
146,2011,5432.91
146,2012,6878.81
146,2013,4747.4
146,2014,6824.5
146,2015,6360.18
147,2004,296.08
147,2005,255.87
147,2008,258.46
147,2009,382.47
147,2010,361.22
147,2011,989.72
147,2012,323.47
147,2013,333.85
147,2014,1666.55
147,2015,117367.81
148,2000,2735.03
148,2001,2773.42
148,2002,2373.9
148,2003,2646.02
148,2004,2241.65
148,2005,2351.08
148,2006,2260.86
148,2007,7220.62
148,2008,7410.11
148,2009,6405.31
148,2010,6640.76
148,2011,6578.33
148,2012,6353.37
148,2013,8150.49
148,2014,8926.67
148,2015,22883.93
149,2000,4833.6
149,2001,5608.21
149,2002,4985.17
149,2003,5630.58
149,2004,6236.69
149,2005,6099.15
149,2006,5855.29
149,2007,7829.63
149,2008,7820.05
149,2009,9539.58
149,2010,11342.48
149,2011,11598.21
149,2012,10982.05
149,2013,11337.08
149,2014,22948.39
149,2015,31007.28
151,2000,6968.25
151,2001,13878.82
151,2002,11756.41
151,2003,12420.04
151,2004,12748.93
151,2005,14680.91
151,2006,11171.78
151,2007,10298.29
151,2008,13924.59
151,2009,14448.1
151,2010,14813.15
151,2011,18585.15
151,2012,19732.9
151,2013,18913.99
151,2014,38588.32
151,2015,41360.35
152,2000,6372.42
152,2001,12570.32
152,2002,7534.22
152,2003,8788.39
152,2004,7822.83
152,2005,7522.37
152,2006,6462.42
152,2007,8616.46
152,2008,9275.05
152,2009,10375.36
152,2010,9562.16
152,2011,10758.6
152,2012,11431.4
152,2013,11545.12
152,2014,38977.99
152,2015,40174.62
153,2000,98.36
153,2001,98.36
153,2002,98.36
153,2003,114.78
153,2004,114.78
153,2005,114.78
153,2006,24.71
153,2007,370.9
153,2008,1023.32
153,2009,2882.66
153,2010,8780.75
153,2011,8737.69
153,2012,8710.85
153,2013,8654.19
153,2014,35204.08
153,2015,48003.12
154,2014,183.97
154,2015,1034.88
155,2000,2070.42
155,2001,2202.06
155,2002,2701.83
155,2003,2051.54
155,2004,1976.23
155,2005,1900.91
155,2006,1931.82
155,2007,2331.9
155,2008,3516.28
155,2009,2892.8
155,2010,2941.63
155,2011,3152.7
155,2012,3327.4
155,2013,3486.72
155,2014,14719.35
155,2015,18966.66
156,2000,7171.49
156,2001,6373.57
156,2002,5880.74
156,2003,5690.88
156,2004,5501.11
156,2005,5311.21
156,2006,5121.24
156,2007,5548.22
156,2008,5854.24
156,2009,5610.03
156,2010,5801.83
156,2011,6236.45
156,2012,6504.79
156,2013,7732.79
156,2014,12136.81
156,2015,15810.9
157,2000,1248.23
157,2001,695.94
157,2002,668.72
157,2003,641.49
157,2004,614.27
157,2005,587.06
157,2006,559.85
157,2007,611.09
157,2008,1247.98
157,2009,2389.88
157,2010,2480.06
157,2011,6810.35
157,2012,12273.74
157,2013,12810.46
157,2014,61779.43
157,2015,68109.14
158,2010,320
158,2015,827.35
159,2008,347.62
159,2009,141.23
159,2010,134.85
159,2011,139.09
159,2012,136.34
159,2013,132.93
159,2014,1294.67
159,2015,4103.97
160,2000,152.9
160,2001,149.65
160,2002,141.58
160,2003,133.5
160,2004,245.49
160,2005,228.42
160,2006,210.66
160,2007,194.59
160,2008,189.17
160,2009,1296
160,2010,1921.87
160,2011,1701.83
160,2012,1782.73
160,2013,1555.4
160,2014,5261.98
160,2015,12814.4
161,2000,5946.7
161,2001,5451.15
161,2002,5402.06
161,2003,5424.84
161,2004,5162.31
161,2005,5154.57
161,2006,4284.25
161,2007,4948.45
161,2008,4931.61
161,2009,4691.29
161,2010,4344.44
161,2011,4748.93
161,2012,4793.83
161,2013,4348.44
161,2014,8666.1
161,2015,17848.23
162,2000,1474.43
162,2001,2948.32
162,2002,2925.87
162,2003,3006.04
162,2004,2748.18
162,2005,2223.67
162,2006,2811.99
162,2007,3286.06
162,2008,3100.84
162,2009,3165.45
162,2010,4232.06
162,2011,4071.18
162,2012,5088.31
162,2013,5017.33
162,2014,14305.06
162,2015,22928.61
163,2000,1395.81
163,2001,3424.23
163,2002,3330.32
163,2003,3357.92
163,2004,3540.38
163,2005,3398.6
163,2006,3943.31
163,2007,5532.1
163,2008,6491.69
163,2009,6258.03
163,2010,9456.13
163,2011,8463.78
163,2012,7842.82
163,2013,6907.45
163,2014,19997.71
163,2015,34182.56
164,2000,3907.05
164,2001,3341.64
164,2002,3371.35
164,2003,3385.84
164,2004,3102.39
164,2005,3199.71
164,2006,3249.27
164,2007,3722.69
164,2008,6936.22
164,2009,7829.74
164,2010,8796.3
164,2011,8386.28
164,2012,9706.26
164,2013,9539.26
164,2014,23779.66
164,2015,31355.18
165,2000,4025.77
165,2001,5648.48
165,2002,4798.22
165,2003,6512.25
165,2004,6181.79
165,2005,6518.23
165,2006,6225.46
165,2007,7790.29
165,2008,8033.47
165,2009,9130.43
165,2010,10232.19
165,2011,9866.95
165,2012,7741.66
165,2013,8342
165,2014,31366.99
165,2015,42448.67
166,2000,3501.22
166,2001,2162.75
166,2002,2250.39
166,2003,2231.03
166,2004,1896.46
166,2005,1820.56
166,2006,1744.59
166,2007,1758.87
166,2008,1588.56
166,2009,2460.21
166,2010,1597.38
166,2011,1971.37
166,2012,2612.8
166,2013,2277.31
166,2014,11365.99
166,2015,12574.92
167,2000,19544.06
167,2001,18387.24
167,2002,17787.31
167,2003,20234.74
167,2004,18644.69
167,2005,19364.29
167,2006,16658.73
167,2007,21157.61
167,2008,22857.2
167,2009,24556.18
167,2010,27352.4
167,2011,26435.01
167,2012,32033.46
167,2013,38838.01
167,2014,64545.77
167,2015,61428.03
168,2000,11043.68
168,2001,13012.99
168,2002,11614.03
168,2003,13501.97
168,2004,12509.14
168,2005,11514.44
168,2006,10862.35
168,2007,12129.94
168,2008,11773.99
168,2009,15312.55
168,2010,14405.1
168,2011,20624.9
168,2012,20968.67
168,2013,24358.68
168,2014,27442.24
168,2015,30382.74
169,2000,33409.88
169,2001,36390.03
169,2002,32371.61
169,2003,35164.11
169,2004,34797.1
169,2005,31972.65
169,2006,32693.69
169,2007,36498.31
169,2008,41344.36
169,2009,43771.42
169,2010,47001.05
169,2011,49955.86
169,2012,51412.39
169,2013,62861.25
169,2014,97467.7
169,2015,130250.98
170,2002,1528.43
170,2003,2065.06
170,2004,1126.27
170,2005,1079.85
170,2007,987.01
170,2008,1608.94
170,2009,2399.26
170,2010,2135.23
170,2011,2118.4
170,2012,2162.38
170,2013,2250.25
170,2014,11486.97
170,2015,11669.07
171,2000,3451.88
171,2001,4639.73
171,2002,8734.14
171,2003,10492.52
171,2004,4645.96
171,2005,5799.77
171,2006,6320.49
171,2007,7288.79
171,2008,7805.23
171,2009,7675.72
171,2010,7905.07
171,2011,9784.72
171,2012,10747.72
171,2013,13883.69
171,2014,24872.99
171,2015,35047.12
172,2000,17292.4
172,2001,19523.94
172,2002,23529.03
172,2003,23734.17
172,2004,20973.31
172,2005,23840.75
172,2006,20876.86
172,2007,21961
172,2008,25496.79
172,2009,25091.6
172,2010,29031.6
172,2011,31921.54
172,2012,32630.09
172,2013,41071.59
172,2014,51734.03
172,2015,69665.65
173,2000,9362.44
173,2001,11683.06
173,2002,13305.7
173,2003,14967.17
173,2004,14883.77
173,2005,15371.38
173,2006,14952.15
173,2007,13753.55
173,2008,13892.83
173,2009,16628
173,2010,16681.4
173,2011,18280.53
173,2012,20406.78
173,2013,22272.71
173,2014,22992.93
173,2015,29447.12
174,2000,6874.3
174,2001,7939.81
174,2002,7258.72
174,2003,8105.05
174,2004,7907.92
174,2005,8475.1
174,2006,6849.3
174,2007,11308.94
174,2008,9046.21
174,2009,9120.5
174,2010,9030.82
174,2011,9302.74
174,2012,11999.44
174,2013,14184
174,2014,44738.57
174,2015,48325.2
175,2000,5940.58
175,2001,7521.37
175,2002,9469.72
175,2003,8904.3
175,2004,7982.97
175,2005,8590.62
175,2006,9353.08
175,2007,11536.19
175,2008,10627.43
175,2009,10867.54
175,2010,14367.72
175,2011,12791.69
175,2012,14170.88
175,2013,14745.56
175,2014,50722.21
175,2015,79900.08
176,2000,16759.77
176,2001,15672.54
176,2002,15019.28
176,2003,13804.97
176,2004,13154.15
176,2005,12793.33
176,2006,13380.63
176,2007,14154.69
176,2008,14431.94
176,2009,14066.5
176,2010,15530.63
176,2011,16100.36
176,2012,25035.69
176,2013,24497.25
176,2014,78760.09
176,2015,110806.56
177,2000,15196.33
177,2001,17430.61
177,2002,17074.51
177,2003,15463.42
177,2004,13937.77
177,2005,16714.82
177,2006,21839.36
177,2007,22047.59
177,2008,29716.53
177,2009,29340.87
177,2010,31960.63
177,2011,36596.22
177,2012,39179.39
177,2013,36504.08
177,2014,65005.82
177,2015,97780.28
178,2000,7511.51
178,2001,6975.36
178,2002,6484.82
178,2003,7239.51
178,2004,7302.81
178,2005,10078.54
178,2006,8742.62
178,2007,10930.67
178,2008,9525.73
178,2009,12484.78
178,2010,16670.04
178,2011,23642.54
178,2012,25757.7
178,2013,29358.39
178,2014,46238.68
178,2015,56723.43
179,2000,15915.94
179,2001,13592.45
179,2002,11863.02
179,2003,11890.91
179,2004,10143.79
179,2005,9695.52
179,2006,9445.15
179,2007,10788.14
179,2008,12704
179,2009,11762.32
179,2010,12418.76
179,2011,14979.68
179,2012,16214.1
179,2013,16330.28
179,2014,38790.36
179,2015,38995.73
180,2013,694.99
180,2014,1634.37
180,2015,2158.22
184,2014,1749.85
184,2015,2475.23
188,2000,1505.36
188,2001,1521.36
188,2002,1629.16
188,2003,2823.87
188,2004,1553.61
188,2005,2395.12
188,2006,2606.22
188,2007,2489.73
188,2008,6789.65
188,2009,6970.5
188,2010,8952.06
188,2011,11458.71
188,2012,13835.31
188,2013,18089.1
188,2014,35510.11
188,2015,47237.68
190,2005,158.97
190,2006,784.85
190,2007,2104.26
190,2008,2113.65
190,2009,2091.39
190,2010,3144.69
190,2011,4016.87
190,2012,4651.47
190,2013,6945.89
190,2014,10952.58
190,2015,13501.67
191,2000,639.51
191,2001,601.04
191,2002,562.59
191,2003,524.17
191,2004,485.76
191,2005,447.42
191,2006,409.1
191,2007,371.02
191,2008,342.12
191,2009,858.24
191,2010,4183.23
191,2011,3436.05
191,2012,4134.96
191,2013,4890.66
191,2014,7782.42
191,2015,13578.67
192,2000,8657.62
192,2001,8320.5
192,2002,10322.04
192,2003,10271.97
192,2004,13731.49
192,2005,14341.25
192,2006,14353.85
192,2007,16829.33
192,2008,26722.92
192,2009,25918.32
192,2010,25830.52
192,2011,28137.41
192,2012,27304.63
192,2013,29409.54
192,2014,52960.5
192,2015,74573.84
193,2010,742.16
193,2011,1709.09
193,2012,1669.83
193,2013,1621.03
193,2014,1303.57
193,2015,1215.8
195,2000,6183.79
195,2001,8711.5
195,2002,9986.24
195,2003,7803.39
195,2004,7710.53
195,2005,8643.31
195,2006,8223.85
195,2007,9731.31
195,2008,10811.4
195,2009,10762.97
195,2010,13933.75
195,2011,15065.01
195,2012,23446.57
195,2013,21565.41
195,2014,61151.08
195,2015,64555.99
196,2008,59.23
196,2009,59.81
196,2010,60.57
196,2011,1296.22
196,2012,1205.97
196,2013,1135.29
196,2014,3318.13
196,2015,5386.37
197,2000,1423.15
197,2001,1436.11
197,2002,1415.24
197,2003,1173.83
197,2004,2434.99
197,2005,3829.06
197,2006,5043.85
197,2007,5434.87
197,2008,6484.72
197,2009,7691.13
197,2010,7728.95
197,2011,9669.67
197,2012,9982.56
197,2013,12361.36
197,2014,23596.33
197,2015,40913.62
198,2000,3435.29
198,2001,2895.98
198,2002,5256.79
198,2003,10527.63
198,2004,12053.96
198,2005,11180.62
198,2006,11243.61
198,2007,11313
198,2008,11860.83
198,2009,10916.53
198,2010,15384.31
198,2011,14602.26
198,2012,19384.76
198,2013,22878.81
198,2014,51285.82
198,2015,62442.06
199,2000,7665.72
199,2001,10181.91
199,2002,11012.14
199,2003,7439.32
199,2004,6827.01
199,2005,6563.24
199,2006,6506.97
199,2007,6377.69
199,2008,6603.43
199,2009,5770.44
199,2010,8183.51
199,2011,9051.08
199,2012,11540.46
199,2013,11692.51
199,2014,32770.59
199,2015,33561.25
200,2000,1756.91
200,2001,1412.9
200,2002,1392.12
200,2003,1301.81
200,2004,1293.86
200,2005,1638.23
200,2006,2156.27
200,2007,2890.58
200,2008,5909.68
200,2009,4965.85
200,2010,3620.59
200,2011,4389.12
200,2012,5087.3
200,2013,6355.67
200,2014,13631.46
200,2015,17498.54
201,2000,10386.42
201,2001,10441.8
201,2002,12670.88
201,2003,12968.33
201,2004,14985.12
201,2005,15801.52
201,2006,17146.75
201,2007,21379.99
201,2008,19707.42
201,2009,20236.3
201,2010,23608.52
201,2011,29826.33
201,2012,32552.33
201,2013,34424.25
201,2014,57003.92
201,2015,72407.56
202,2000,19687.2
202,2001,19184.66
202,2002,19141.02
202,2003,17976.48
202,2004,17533.19
202,2005,17564.41
202,2006,11754.89
202,2007,24893.81
202,2008,23323.53
202,2009,23305.42
202,2010,35362.52
202,2011,49843.83
202,2012,52245.74
202,2013,55542.58
202,2014,68175.99
202,2015,78402.56
203,2000,10600.88
203,2001,10528.14
203,2002,11602.04
203,2003,10215.15
203,2004,11040.87
203,2005,12525.39
203,2006,12874.61
203,2007,12954.76
203,2008,12535.14
203,2009,12199.81
203,2010,13317.76
203,2011,14364.6
203,2012,16902.83
203,2013,17357.92
203,2014,41946.12
203,2015,53033.51
204,2000,9340.1
204,2001,13684.21
204,2002,11833.35
204,2003,9159.88
204,2004,9199.2
204,2005,11259.3
204,2006,11979.09
204,2007,11013.67
204,2008,10861.36
204,2009,10007.95
204,2010,9464.07
204,2011,12482.46
204,2012,12725.28
204,2013,14558.32
204,2014,20599.18
204,2015,29178.95
205,2000,2372.1
205,2001,2291.02
205,2002,2276.61
205,2003,3782.6
205,2004,3547.58
205,2005,4583.51
205,2006,4742.22
205,2007,4789.04
205,2008,5281.18
205,2009,5444.21
205,2010,6232.23
205,2011,19845.55
205,2012,27640.91
205,2013,27500.56
205,2014,22665.03
205,2015,29944.46
207,2008,49
207,2009,361.2
207,2010,1200.84
207,2011,370.16
207,2012,891.88
207,2013,1490.85
207,2014,5598.7
207,2015,11011.61
209,2014,804.97
209,2015,4379.46
210,2005,665
210,2011,1350.89
210,2012,3876.27
210,2013,3716.56
210,2014,4590.92
210,2015,8098.68
211,2015,7044.18
213,2011,291.45
213,2013,257.26
213,2014,1484.31
213,2015,4768.95
214,2000,149.31
214,2001,144.79
214,2002,140.27
214,2003,135.75
214,2004,131.23
214,2005,126.71
214,2006,122.18
214,2007,218.45
214,2008,209.08
214,2009,199.73
214,2010,190.36
214,2011,196.58
214,2012,192.56
214,2013,1267.95
214,2014,5569.11
214,2015,5688.17
215,2013,237.69
215,2015,10278.52
216,2015,2711.21
217,2012,29.81
218,2015,3460.81
235,2014,157.72
235,2015,640.1
237,2006,2038.6
237,2007,1953.32
237,2008,2309.34
237,2009,1696.19
237,2010,2297.3
237,2011,1790.92
237,2012,1734.03
237,2013,1666.01
237,2014,3927.87
237,2015,9446.74
238,2000,364.84
238,2001,352.57
238,2002,340.3
238,2003,328.03
238,2004,315.76
238,2005,303.48
238,2006,291.21
238,2007,278.94
238,2008,266.67
238,2009,254.4
238,2010,1081.23
238,2011,2028.36
238,2012,861.94
238,2013,1959.81
238,2014,8943.55
238,2015,16780.33
239,2010,611.21
239,2011,567.54
239,2012,418.68
239,2013,239.03
239,2014,640.89
239,2015,3196.25
240,2006,184.21
240,2007,579.99
240,2008,179.9
240,2009,814.97
240,2010,1321.95
240,2011,819.25
240,2012,1324.38
240,2013,1337.68
240,2014,8221.07
240,2015,10885.38
242,2000,6565.48
242,2001,6884.49
242,2002,6326.48
242,2003,5414.92
242,2004,5305.61
242,2005,5849.68
242,2006,8566.38
242,2007,12133.25
242,2008,12721.3
242,2009,12868.39
242,2010,12227.98
242,2011,13672.91
242,2012,11935.17
242,2013,16052.66
242,2014,25135.79
242,2015,44729.66
243,2000,388.45
243,2001,376.17
243,2002,363.9
243,2003,351.63
243,2004,339.36
243,2005,327.08
243,2006,314.82
243,2007,3229.06
243,2008,4499.84
243,2009,326.6
243,2010,311.74
243,2011,321.59
243,2012,575
243,2013,1928.95
243,2014,3132.66
243,2015,24401.05
244,2000,11914.48
244,2001,10607.01
244,2002,9514.79
244,2003,10156.67
244,2004,7495.67
244,2005,9570.69
244,2006,7270.58
244,2007,6952.56
244,2008,9056.94
244,2009,8793.34
244,2010,8899.7
244,2011,10112.13
244,2012,12334.13
244,2013,16467.47
244,2014,24495.84
244,2015,26070.75
245,2000,12557.41
245,2001,14579.3
245,2002,12865.98
245,2003,12749.86
245,2004,12617.9
245,2005,13164.25
245,2006,14059.1
245,2007,13875.01
245,2008,15366.64
245,2009,27616.08
245,2010,27598.54
245,2011,28724.56
245,2012,29851.51
245,2013,37808.29
245,2014,57733.17
245,2015,65073.36
246,2000,1782.49
246,2001,2235.12
246,2002,2204.41
246,2003,2121.72
246,2004,1015.95
246,2005,975.26
246,2006,1944.13
246,2007,1898.51
246,2008,3847.41
246,2009,2840.64
246,2010,4002.72
246,2011,4217.34
246,2012,5515.48
246,2013,9518.67
246,2014,23261.04
246,2015,32500.47
247,2000,12288.57
247,2001,11890.56
247,2002,12997.63
247,2003,13186.62
247,2004,14032.56
247,2005,17100.89
247,2006,16664.95
247,2007,21290.46
247,2008,16188.22
247,2009,16008.44
247,2010,15028.99
247,2011,17257.42
247,2012,17118.42
247,2013,18547.39
247,2014,37146.25
247,2015,51423.75
248,2000,899.46
248,2001,870.41
248,2002,841.38
248,2003,812.33
248,2004,783.3
248,2005,754.24
248,2006,975.18
248,2007,1000.34
248,2008,4618.84
248,2009,877.77
248,2010,746.98
248,2011,4277.09
248,2012,5301.28
248,2013,5134.61
248,2014,7227.55
248,2015,7242.53
249,2000,2662.14
249,2001,2814.78
249,2002,3710.98
249,2003,3642.59
249,2004,3558.86
249,2005,3372.73
249,2006,4640.25
249,2007,5134.01
249,2008,5097.23
249,2009,4038.78
249,2010,5205.3
249,2011,5902.49
249,2012,6809.45
249,2013,11000.12
249,2014,16190.47
249,2015,25942.78
252,2000,3819
252,2001,3683.36
252,2002,3739.33
252,2003,4133.02
252,2004,4352.76
252,2005,4745.92
252,2006,2553.93
252,2007,2372.37
252,2008,3910.44
252,2009,5528.13
252,2010,4198.41
252,2011,4151.38
252,2012,10424.93
252,2013,15675.15
252,2014,21799.52
252,2015,25147.58
253,2007,557.93
253,2009,2391.21
253,2010,2955.41
253,2011,3064.73
253,2012,3313.95
253,2013,2964.51
253,2014,13827.73
253,2015,18932.6
254,2000,2328.39
254,2001,2245.41
254,2002,2162.43
254,2003,2079.46
254,2004,1996.49
254,2005,1913.51
254,2006,1830.54
254,2007,1702.59
254,2009,1581.6
254,2010,1498.63
254,2011,1415.65
254,2012,1332.67
254,2013,1249.7
254,2014,1237.42
254,2015,3051.03
255,2014,81673.45
255,2015,34719.89
258,2010,320
258,2013,3142.49
258,2014,4191.65
258,2015,6426.36
259,2000,4572.77
259,2001,3909.69
259,2002,3764.63
259,2003,3619.57
259,2004,3474.51
259,2005,3329.45
259,2006,3184.38
259,2007,4394.57
259,2008,4043.49
259,2009,3988.4
259,2010,3637.32
259,2011,3772.06
259,2012,3684.8
259,2013,3576.36
259,2014,3653.01
259,2015,11265.36
260,2010,707.34
260,2013,380.95
260,2014,936.13
260,2015,4284.69
261,2008,1161.86
261,2009,1116.87
261,2010,1058.73
261,2011,1097.28
261,2012,1072.31
261,2013,1041.27
261,2014,1448.87
261,2015,1351.34
262,2009,459.33
262,2011,589.72
262,2012,2618.44
262,2013,2691.67
262,2014,6711.42
262,2015,6073.76
263,2000,652.22
263,2001,1356.61
263,2002,2043.8
263,2003,4007.23
263,2004,4269.69
263,2005,7299.1
263,2006,7404.34
263,2007,7005.41
263,2008,6884.46
263,2009,9497.32
263,2010,9013.52
263,2011,9721.67
263,2012,9785.87
263,2013,24754.18
263,2014,25189.95
263,2015,24345.96
264,2000,5758.56
264,2001,6269.36
264,2002,6328.82
264,2003,4952.71
264,2004,6310.81
264,2005,7259.48
264,2006,5907.39
264,2007,6699.14
264,2008,5477.03
264,2009,5281.52
264,2010,7721.91
264,2011,10511.28
264,2012,11138.98
264,2013,10720.47
264,2014,14253.32
264,2015,12119.76
265,2000,1431.48
265,2001,1636.37
265,2002,1781.1
265,2003,2233.48
265,2004,2199.59
265,2005,2953.7
265,2006,3920.53
265,2007,4457.32
265,2008,6226.9
265,2009,6261.44
265,2010,6007.28
265,2011,6760.63
265,2012,6385.24
265,2013,10293.62
265,2014,13649.31
265,2015,16400.61
266,2000,2239.63
266,2001,2362.09
266,2002,2454.44
266,2003,3579.28
266,2004,5987.1
266,2005,6994.49
266,2006,5556.88
266,2007,5238.24
266,2008,7158.33
266,2009,7283.45
266,2010,7009.52
266,2011,8197.19
266,2012,9539.87
266,2013,9260.03
266,2014,8508.76
266,2015,9826.9
267,2000,5852.28
267,2001,6678.35
267,2002,6860.98
267,2003,7219.21
267,2004,6925.8
267,2005,4304.4
267,2006,6508
267,2007,5320.58
267,2008,4438.23
267,2009,6807.93
267,2010,8466.24
267,2011,9538.88
267,2012,10355.99
267,2013,9379.08
267,2014,10936.58
267,2015,14451.95
268,2000,1816.97
268,2001,1685.82
268,2002,5500.69
268,2003,5309.43
268,2004,5174.1
268,2005,4890.81
268,2006,4681.56
268,2007,4494.81
268,2008,4286.1
268,2009,4075.76
268,2010,3868.04
268,2011,6813.8
268,2012,6619.32
268,2013,6835.38
268,2014,9084.1
268,2015,11403.71
270,2006,477.01
270,2010,207.15
270,2011,2557.76
270,2012,4585.01
270,2013,4449.91
270,2014,5748.49
270,2015,1531.56
271,2012,625.88
271,2013,2167.65
271,2014,2721
271,2015,2209.78
272,2011,722.87
272,2012,2502.21
272,2013,3063.95
272,2014,5483.02
272,2015,4492.91
273,2009,53.5
273,2010,178.53
273,2011,537.67
273,2012,800.55
273,2013,2444.19
273,2014,4502.09
273,2015,12638.4
274,2006,1899.83
274,2008,2003.61
274,2009,2082.5
274,2010,3072.81
274,2011,559.38
274,2012,3702.11
274,2013,8871.62
274,2014,16415.97
274,2015,34687.44
275,2006,2172.15
275,2007,2073.51
275,2008,2124.27
275,2009,2018.08
275,2010,1963.26
275,2011,3286.19
275,2012,4545.43
275,2013,4864.57
275,2014,9434.66
275,2015,21071.55
276,2000,3833.65
276,2001,4212.32
276,2002,5010.96
276,2003,4110.66
276,2004,4099.94
276,2005,5412.82
276,2006,5652.17
276,2007,3762.01
276,2008,4879.08
276,2009,6717.93
276,2010,7192.87
276,2011,10559.29
276,2012,10606.64
276,2013,10062.14
276,2014,13206.48
276,2015,17240.5
277,2000,3562.74
277,2001,3614.85
277,2002,3617.32
277,2003,3830.09
277,2004,3845.15
277,2005,5902.73
277,2006,4073.84
277,2007,3928.93
277,2008,4910.06
277,2009,4381.87
277,2010,4091.6
277,2011,5327.6
277,2012,6541.37
277,2013,7700.61
277,2014,15056.01
277,2015,25702.56
278,2002,227
278,2005,1605
278,2007,1611.79
278,2008,2492.72
278,2009,1876.22
278,2010,4122.17
278,2011,4204.39
278,2012,5263.31
278,2013,5509.39
278,2014,8576.81
278,2015,13238.8
279,2000,3485.4
279,2001,2746.32
279,2002,5546.51
279,2003,7501.82
279,2004,10309.62
279,2005,8740.69
279,2006,8913.42
279,2007,7699.2
279,2008,8751.13
279,2009,7821.34
279,2010,8082.5
279,2011,8803.52
279,2012,12677.77
279,2013,17173.94
279,2014,31000.14
279,2015,32428.73
280,2000,18113.6
280,2001,20202.93
280,2002,21258.47
280,2003,20079.53
280,2004,19016.22
280,2005,17336.77
280,2006,17171.38
280,2007,17980.8
280,2008,16531.87
280,2009,18183.71
280,2010,24788.21
280,2011,24854.04
280,2012,25706.65
280,2013,27605.22
280,2014,36121.64
280,2015,50528.78
281,2000,1845.81
281,2001,1850.4
281,2002,1782.24
281,2003,1714.13
281,2004,1645.97
281,2005,1577.76
281,2006,1829.66
281,2007,3358.44
281,2008,4032.26
281,2009,4789.5
281,2010,5370.4
281,2011,9139.82
281,2012,10482.9
281,2013,10036.66
281,2014,19286.27
281,2015,19722.74
282,2005,54.51
282,2006,99.6
282,2007,87.67
282,2008,366.64
282,2009,478.93
282,2010,2835.4
282,2011,3311.69
282,2012,3704.07
282,2013,6039.7
282,2014,12691.13
282,2015,14606.36
283,2000,1983.61
283,2001,1958.07
283,2002,8035.41
283,2003,5901.82
283,2004,5915.64
283,2005,5833.5
283,2006,5869.08
283,2007,4525.87
283,2008,5273.14
283,2009,8921.57
283,2010,16119.86
283,2011,19222.85
283,2012,23315.01
283,2013,25035.89
283,2014,47970.07
283,2015,45358.77
284,2000,4993.86
284,2001,4871.49
284,2002,4242.6
284,2003,4903.5
284,2004,5051.73
284,2005,5463.9
284,2006,4436.93
284,2007,5988.62
284,2008,6989.64
284,2009,9241.88
284,2010,15558.81
284,2011,16661.53
284,2012,19824.79
284,2013,16251.71
284,2014,30214.74
284,2015,24435.53
285,2013,362.81
285,2014,782.57
285,2015,4153.34
286,2008,3399.96
286,2009,2737.4
286,2010,2575.36
286,2011,3458.27
286,2012,4786.83
286,2013,4830.74
286,2014,8221
286,2015,19767.16
287,2007,16.62
287,2008,553.81
287,2009,514
287,2010,443.5
287,2011,599.48
287,2012,1046.13
287,2013,2272.28
287,2014,4455.11
287,2015,7919.21
288,2006,2223.25
288,2007,684.05
288,2008,8945.9
288,2009,8257.32
288,2010,8079.94
288,2011,6523.18
288,2012,8475.33
288,2013,9722.16
288,2014,17581.34
288,2015,25095.94
289,2000,644.22
289,2001,921.42
289,2002,2237.06
289,2003,2312.01
289,2004,2436.63
289,2005,2728.02
289,2006,3357.43
289,2007,3633.23
289,2008,17622.85
289,2009,4073.31
289,2010,23719.23
289,2011,21563.72
289,2012,26158.62
289,2013,32659.74
289,2014,34489.56
289,2015,39231.93
290,2010,37.73
290,2012,345.41
290,2013,1133.45
290,2014,1626.32
290,2015,5013.7
291,2003,573.03
291,2009,2910.49
291,2010,2971.72
291,2011,2786.09
291,2012,5092.37
291,2013,7423.24
291,2014,8729.68
291,2015,16424.45
292,2007,625
292,2008,2061.07
292,2009,1958.07
292,2010,2039.71
292,2011,1923.42
292,2012,2300.14
292,2013,2920.9
292,2014,6383.3
292,2015,7665.76
293,2000,1160.79
293,2001,1175.71
293,2002,1132.1
293,2003,1088.49
293,2004,1044.88
293,2005,1001.29
293,2006,957.68
293,2007,8382.4
293,2008,8804.69
293,2009,10162.74
293,2010,10333.15
293,2011,10998.37
293,2012,11005.95
293,2013,12421.8
293,2014,26287.55
293,2015,41313.29
294,2000,1550.25
294,2001,1495.34
294,2002,1532.14
294,2003,1473.68
294,2004,1415.22
294,2005,1356.76
294,2006,3206.21
294,2007,2313.54
294,2008,3565.97
294,2009,2811.03
294,2010,3442.51
294,2011,4349.06
294,2012,4997.44
294,2013,25951.23
294,2014,30657.68
294,2015,49008.27
295,2000,120
295,2002,1085.93
295,2003,984.99
295,2004,946.23
295,2005,907.48
295,2006,1037.74
295,2007,991.22
295,2008,1055.34
295,2009,2474.61
295,2010,2786.77
295,2011,2874.11
295,2012,2800.85
295,2013,2606.06
295,2014,1063.56
295,2015,4383.19
298,2007,2494.07
298,2008,3033.75
298,2010,3282.72
298,2011,4995.22
298,2012,5161.24
298,2013,5295.16
298,2014,6246.16
298,2015,9161.88
299,2007,496.87
299,2008,2115.44
299,2009,2640.09
299,2010,4530.27
299,2011,4460.65
299,2012,5820.03
299,2013,7422.86
299,2014,20486.28
299,2015,26622.08
300,2000,3591.14
300,2001,1992.74
300,2002,1921.07
300,2003,1849.35
300,2004,2125.95
300,2005,3250.01
300,2006,2699.62
300,2007,2981.44
300,2008,3880.72
300,2009,4867.76
300,2010,7296.97
300,2011,8717.06
300,2012,14305.85
300,2013,14676.65
300,2014,38146.68
300,2015,50964.83
301,2000,8820.09
301,2001,8510.31
301,2002,8200.6
301,2003,7890.86
301,2004,7581.14
301,2005,7513.42
301,2006,6961.65
301,2007,24130.33
301,2008,22872.66
301,2009,21499.38
301,2010,20424.08
301,2011,21694.23
301,2012,21931.08
301,2013,21096.44
301,2014,25692.61
301,2015,26211.05
302,2010,93.75
302,2011,919.68
302,2012,4238.37
302,2013,4529.12
302,2014,9409.33
302,2015,13941.92
303,2008,270
303,2010,875.26
303,2011,268.3
303,2012,3209.46
303,2013,4664.44
303,2014,6956.64
303,2015,13009.12
304,2010,512.6
304,2011,400.71
304,2012,883.44
304,2013,257.01
304,2014,2196.56
304,2015,354.67
305,2005,1483.08
305,2006,906.38
305,2007,4451.75
305,2008,5792.16
305,2009,5505.53
305,2010,5802.46
305,2011,6093.98
305,2012,5867
305,2013,5715.73
305,2014,7539.01
305,2015,11143.8
306,2015,10137.16
310,2014,1707.44
310,2015,3218.59
311,2015,822.93
312,2014,186.7
312,2015,4564.82
313,2014,1089.46
313,2015,6542.93
314,2000,377
314,2006,1222.03
314,2007,1234.73
314,2008,2727.61
314,2009,1047.85
314,2010,911.91
314,2011,854.4
314,2012,1705.39
314,2013,2686.52
314,2014,5428.01
314,2015,5048.9
315,2012,320
315,2014,204.47
315,2015,395.94
316,2015,1929.28
317,2009,549.97
317,2010,477.28
317,2011,504.76
317,2012,1503.5
317,2013,2014.23
317,2014,7204.15
317,2015,7946.12
318,2015,1942.46
319,2006,1040.82
319,2007,1935.92
319,2008,2216.21
319,2009,2105.38
319,2010,4679.74
319,2011,4322.57
319,2012,8209.58
319,2013,7092.22
319,2014,7239.96
319,2015,6179.66
320,2013,863.66
320,2014,364.47
320,2015,2716.73
321,2014,729.74
321,2015,1956.76
323,2013,572.85
323,2015,6415.84
325,2004,2176.06
325,2008,1946.16
325,2009,1848.97
325,2010,2275.05
325,2011,4476.32
325,2012,4112.19
325,2013,3752.81
325,2014,4118.97
325,2015,11695.39
326,2010,327.5
326,2011,809.22
326,2012,746.49
326,2013,2162.74
326,2014,3150.61
326,2015,3662.25
329,2000,2848.32
329,2001,2200.18
329,2002,1882.25
329,2003,2468.33
329,2004,2502.79
329,2005,3367.83
329,2006,3260.24
329,2007,3042.38
329,2008,2868.6
329,2009,2817.86
329,2010,2670.4
329,2011,1616.17
329,2012,2103.05
329,2013,2259.47
329,2014,8208.68
329,2015,9024.13
330,2011,1010.26
330,2012,953.6
330,2013,1201.61
330,2014,2838.5
330,2015,7355.64
333,2010,202.02
333,2012,876.58
333,2013,415.16
333,2014,618.99
334,2011,60.73
334,2012,903.29
334,2013,962.02
334,2014,4402.72
334,2015,882.95
336,2010,47.72
336,2011,100.22
336,2012,160.23
336,2013,1062.04
336,2014,767.2
337,2000,113.4
337,2001,356.54
337,2002,344.09
337,2003,331.74
337,2004,319.28
337,2005,306.84
337,2006,294.42
337,2007,281.99
337,2008,269.64
337,2009,257.16
337,2010,6019.7
337,2011,5979.24
337,2012,5812.05
337,2013,5641.37
337,2014,9629.91
337,2015,14316.53
339,2014,2212.91
339,2015,4691.86
344,2008,22.87
344,2012,23.6
344,2013,267.59
344,2015,4419.3
345,2014,347.3
345,2015,222.32
346,2014,660.19
346,2015,619.03
348,2011,2210
348,2013,4946.63
348,2014,5893.6
348,2015,11988.8
349,2014,2782.82
349,2015,7336.9
351,2006,702.29
351,2012,606.21
351,2013,588.97
351,2014,1727.29
351,2015,1831.63
353,2013,1100.3
353,2014,1412.73
353,2015,6840.01
356,2015,5319.16
357,2010,510
357,2015,3663.41
358,2011,2472.85
358,2012,1381.71
358,2013,1342.89
358,2014,565.94
358,2015,1597.08
362,2006,120.07
362,2007,744.75
362,2008,734.46
362,2009,670.12
362,2011,688.38
362,2012,1574.74
362,2013,2664.67
362,2014,24124.22
362,2015,1861.51
363,2011,90.54
363,2014,3693.19
363,2015,3184.95
364,2014,1282.52
364,2015,16186.18
365,2000,2920.41
365,2001,2744.59
365,2002,2568.78
365,2003,2392.96
365,2004,3793.17
365,2005,7746.71
365,2006,7323.84
365,2007,6974.94
365,2008,6478.07
365,2009,10714.21
365,2010,9669.29
365,2011,9294.47
365,2012,9397.82
365,2013,10636.94
365,2014,9784.89
365,2015,1518.45
366,2007,4572
366,2012,4611.97
366,2013,11316.08
366,2014,7114.23
367,2010,152.76
367,2011,3535.55
367,2012,4323.31
367,2013,4195.96
367,2014,12269.35
367,2015,20217.5
372,2011,236.43
372,2012,502.5
372,2015,5752.28
376,2015,107.46
377,2010,204.16
377,2011,769.34
377,2012,732.98
377,2013,199.32
377,2014,1124.85
377,2015,3815.05
378,2015,292.36
379,2010,20
379,2011,1866.66
379,2012,2475.9
379,2013,2403.93
379,2014,5183.51
379,2015,6972.09
380,2000,131.35
380,2001,127.46
380,2002,123.59
380,2003,119.72
380,2004,115.84
380,2005,111.97
380,2006,108.09
380,2007,104.22
380,2008,100.35
380,2009,96.47
380,2010,92.59
380,2011,95.17
380,2012,491.09
380,2013,356.36
380,2014,1289.32
380,2015,6945.91
381,2006,52.67
381,2007,83.89
381,2008,107.52
381,2009,374.37
381,2010,497
381,2011,527.4
381,2012,477
381,2013,306.87
381,2014,509.57
381,2015,555.76
382,2000,1496.35
382,2001,153.46
382,2002,148.62
382,2003,143.77
382,2004,1014.08
382,2005,1218.79
382,2006,564.72
382,2007,773.8
382,2008,41421.86
382,2009,50209.89
382,2010,49330.42
382,2011,50768.67
382,2012,52085.15
382,2013,21958.78
382,2014,18993.19
382,2015,11870.01
383,2013,689.03
383,2014,4182.62
383,2015,9381.54
388,2014,2380.84
388,2015,2215.04
389,2014,3.16
389,2015,2356.13
390,2014,1254.29
390,2015,1641.03
